{"cameraMode":{"drawMode":0,"name":"Shaded","section":"Shading Mode"},"sceneLighting":false,"audioPlay":false,"sceneViewState":{"showFog":true,"showMaterialUpdate":true,"showSkybox":false,"showFlares":true,"showImageEffects":true,"showParticleSystems":true},"in2DMode":false,"pivot":{"x":-0.08143961429595947,"y":0.15343791246414185,"z":-0.15492430329322816},"rotation":{"x":-0.09890967607498169,"y":0.6463369727134705,"z":-0.0850318893790245,"w":-0.7518155574798584},"size":0.8660253882408142,"orthographic":false}