{"cameraMode":{"drawMode":0,"name":"Shaded","section":"Shading Mode"},"sceneLighting":false,"audioPlay":false,"sceneViewState":{"showFog":true,"showMaterialUpdate":true,"showSkybox":false,"showFlares":true,"showImageEffects":true,"showParticleSystems":true},"in2DMode":false,"pivot":{"x":-11.712854385375977,"y":-4.412395000457764,"z":2.352283000946045},"rotation":{"x":-0.16922838985919953,"y":0.6071520447731018,"z":-0.13437503576278687,"w":-0.7646318674087524},"size":10.0,"orthographic":false}