{"cameraMode":{"drawMode":0,"name":"Shaded","section":"Shading Mode"},"sceneLighting":true,"audioPlay":false,"sceneViewState":{"showFog":false,"showMaterialUpdate":false,"showSkybox":false,"showFlares":false,"showImageEffects":false,"showParticleSystems":false},"in2DMode":false,"pivot":{"x":70.12602996826172,"y":-616.6043090820313,"z":-171.16360473632813},"rotation":{"x":0.42900651693344118,"y":-0.002709391061216593,"z":0.0012876351829618216,"w":0.903288722038269},"size":982.1914672851563,"orthographic":false}