{"cameraMode":{"drawMode":0,"name":"Shaded","section":"Shading Mode"},"sceneLighting":true,"audioPlay":false,"sceneViewState":{"showFog":false,"showMaterialUpdate":false,"showSkybox":false,"showFlares":false,"showImageEffects":false,"showParticleSystems":false},"in2DMode":false,"pivot":{"x":575.178955078125,"y":-279.4277038574219,"z":-864.951904296875},"rotation":{"x":0.3919565975666046,"y":-0.023455046117305757,"z":0.009997783228754998,"w":0.9196226000785828},"size":982.1914672851563,"orthographic":false}