{"cameraMode":{"drawMode":0,"name":"Shaded","section":"Shading Mode"},"sceneLighting":true,"audioPlay":false,"sceneViewState":{"showFog":true,"showMaterialUpdate":true,"showSkybox":true,"showFlares":true,"showImageEffects":true,"showParticleSystems":true},"in2DMode":false,"pivot":{"x":9.177417755126954,"y":5.685258865356445,"z":-2.7242417335510256},"rotation":{"x":-0.012748640030622483,"y":-0.15180572867393495,"z":0.0019554952159523966,"w":-0.9883291125297546},"size":20.22369956970215,"orthographic":false}