{"cameraMode":{"drawMode":0,"name":"Shaded","section":"Shading Mode"},"sceneLighting":false,"audioPlay":false,"sceneViewState":{"showFog":true,"showMaterialUpdate":true,"showSkybox":false,"showFlares":true,"showImageEffects":true,"showParticleSystems":true},"in2DMode":false,"pivot":{"x":-10.431358337402344,"y":-18.664161682128908,"z":110.8812484741211},"rotation":{"x":-0.13482658565044404,"y":0.03180023655295372,"z":-0.004329071845859289,"w":-0.9903456568717957},"size":82.38384246826172,"orthographic":false}